tweet_id	favorite_count	retweet_count
666020888022790144	2541	507
666029285002620928	129	47
666033412701032448	124	43
666044226329800704	296	139
666049248165822464	108	41
666050758794694656	132	59
666051853826850816	1209	841
666055525042405376	431	242
666057090499244032	293	140
666058600524156928	111	57
666063827256086528	471	215
666071193221509120	145	59
666073100786774016	318	162
666082916733198336	116	44
666094000022159360	163	72
666099513787052032	153	67
666102155909144576	80	12
666104133288665088	14156	6476
666268910803644416	102	35
666273097616637952	174	76
666287406224695296	146	64
666293911632134144	494	352
666337882303524864	196	90
666345417576210432	290	133
666353288456101888	217	71
666362758909284352	770	564
666373753744588800	186	92
666396247373291520	166	84
666407126856765440	107	40
666411507551481856	441	323
666418789513326592	124	45
666421158376562688	316	111
666428276349472768	165	83
666430724426358784	316	196
666435652385423360	165	53
666437273139982336	125	48
666447344410484736	105	20
666454714377183232	520	208
666644823164719104	233	83
666649482315059200	1122	628
666691418707132416	189	47
666701168228331520	434	219
666739327293083648	238	66
666776908487630848	351	175
666781792255496192	390	198
666786068205871104	765	488
666804364988780544	243	94
666817836334096384	522	253
666826780179869696	256	97
666835007768551424	217	80
666837028449972224	825	559
666983947667116032	2566	992
666996132027977728	247	95
667012601033924608	452	225
667044094246576128	186	51
667062181243039744	220	55
667065535570550784	168	48
667070482143944704	84	14
667073648344346624	407	124
667090893657276416	336	129
667119796878725120	331	128
667138269671505920	4651	2244
667152164079423488	48169	17362
667160273090932736	259	62
667165590075940864	2712	1157
667171260800061440	222	91
667174963120574464	246	84
667176164155375616	613	467
667177989038297088	192	55
667182792070062080	14440	6297
667188689915760640	750	422
667192066997374976	390	109
667200525029539840	621	264
667211855547486208	498	245
667369227918143488	370	167
667393430834667520	198	58
667405339315146752	473	221
667435689202614272	308	84
667437278097252352	452	242
667443425659232256	791	591
667453023279554560	317	91
667455448082227200	194	60
667470559035432960	259	100
667491009379606528	537	232
667495797102141440	527	276
667502640335572992	538	223
667509364010450944	6858	2167
667517642048163840	371	196
667524857454854144	1721	1131
667530908589760512	475	245
667534815156183040	830	551
667538891197542400	208	67
667544320556335104	878	533
667546741521195008	338	127
667549055577362432	5870	2330
667550882905632768	0	33
667550904950915072	0	35
667724302356258816	491	326
667728196545200128	380	152
667766675769573376	448	222
667773195014021120	239	58
667782464991965184	417	249
667793409583771648	709	336
667801013445750784	334	97
667806454573760512	1070	510
667832474953625600	293	63
667861340749471744	245	78
667866724293877760	3043	1058
667873844930215936	640	417
667878741721415680	399	122
667885044254572544	832	500
667886921285246976	1919	1118
667902449697558528	861	385
667911425562669056	498	311
667915453470232576	215	58
667924896115245056	307	113
667937095915278336	1292	816
668113020489474048	676	251
668142349051129856	575	294
668154635664932864	506	325
668171859951755264	503	201
668190681446379520	663	200
668204964695683072	560	200
668221241640230912	518	203
668226093875376128	305	106
668237644992782336	6326	2925
668248472370458624	1013	501
668256321989451776	1328	636
668268907921326080	565	243
668274247790391296	841	235
668286279830867968	516	142
668291999406125056	250	32
668297328638447616	633	306
668466899341221888	902	528
668480044826800128	471	152
668484198282485760	435	241
668496999348633600	420	135
668507509523615744	333	111
668528771708952576	471	232
668537837512433664	257	77
668542336805281792	471	222
668544745690562560	531	233
668567822092664832	250	57
668587383441514496	1698	1111
668614819948453888	621	322
668620235289837568	207	44
668623201287675904	1469	800
668625577880875008	394	138
668627278264475648	324	118
668631377374486528	735	326
668633411083464704	2877	1697
668636665813057536	1061	502
668641109086707712	1098	555
668643542311546880	899	543
668645506898350080	915	554
668655139528511488	542	223
668779399630725120	716	382
668815180734689280	582	279
668826086256599040	444	141
668852170888998912	462	171
668872652652679168	540	308
668892474547511296	402	155
668902994700836864	323	103
668932921458302976	273	59
668955713004314624	286	74
668960084974809088	720	245
668967877119254528	150	25
668975677807423488	1327	602
668979806671884288	808	357
668981893510119424	549	317
668986018524233728	565	173
668988183816871936	915	488
668989615043424256	696	338
668992363537309696	757	357
668994913074286592	451	240
669000397445533696	21277	6568
669006782128353280	589	258
669015743032369152	757	384
669037058363662336	674	322
669203728096960512	1023	493
669214165781868544	449	175
669216679721873408	1210	414
669324657376567296	504	214
669327207240699904	586	119
669328503091937280	1030	430
669351434509529088	450	194
669353438988365824	660	266
669354382627049472	2765	1307
669359674819481600	375	127
669363888236994560	639	237
669367896104181760	473	164
669371483794317312	506	187
669375718304980992	1364	753
669393256313184256	376	79
669564461267722240	395	128
669567591774625792	240	58
669571471778410496	1616	1049
669573570759163904	445	146
669583744538451968	1514	958
669597912108789760	520	155
669603084620980224	962	375
669625907762618368	3600	1864
669661792646373376	822	455
669680153564442624	681	299
669682095984410624	360	136
669683899023405056	395	114
669684865554620416	532	91
669749430875258880	276	67
669753178989142016	830	414
669923323644657664	242	59
669926384437997568	384	108
669942763794931712	520	172
669970042633789440	308	62
669972011175813120	454	168
669993076832759808	331	87
670003130994700288	342	96
670037189829525504	598	288
670040295598354432	770	115
670046952931721216	660	181
670055038660800512	684	342
670061506722140160	783	353
670069087419133952	646	252
670073503555706880	1601	817
670079681849372672	2266	1282
670086499208155136	713	262
670093938074779648	1052	348
670290420111441920	724	297
670303360680108032	436	139
670319130621435904	3939	1264
670338931251150848	436	114
670361874861563904	335	69
670374371102445568	759	277
670385711116361728	574	219
670403879788544000	442	162
670408998013820928	569	232
670411370698022912	2069	930
670417414769758208	581	330
670420569653809152	639	327
670421925039075328	1339	656
670427002554466304	528	170
670428280563085312	1411	651
670433248821026816	334	117
670434127938719744	1432	667
670435821946826752	1075	533
670442337873600512	655	203
670444955656130560	6850	2041
670449342516494336	1217	694
670452855871037440	561	214
670465786746662912	989	570
670468609693655040	359	87
670474236058800128	1565	788
670668383499735040	10933	5206
670676092097810432	257	44
670679630144274432	762	292
670691627984359424	600	251
670704688707301376	778	383
670717338665226240	1238	510
670727704916926464	843	372
670733412878163968	982	527
670755717859713024	450	115
670764103623966720	1092	435
670778058496974848	334	74
670780561024270336	796	297
670782429121134592	1600	797
670783437142401024	833	408
670786190031921152	610	207
670789397210615808	676	248
670792680469889024	851	286
670797304698376192	748	244
670803562457407488	347	89
670804601705242624	2010	986
670807719151067136	1176	504
670811965569282048	1156	277
670815497391357952	3241	1588
670822709593571328	624	99
670823764196741120	793	198
670826280409919488	5666	4186
670832455012716544	749	225
670833812859932672	458	128
670838202509447168	1139	718
670840546554966016	606	201
670842764863651840	25047	9024
670995969505435648	1126	301
671109016219725824	1168	454
671115716440031232	1386	796
671122204919246848	3570	2601
671134062904504320	764	199
671138694582165504	951	417
671141549288370176	1191	673
671147085991960576	689	235
671151324042559488	687	159
671154572044468224	738	225
671159727754231808	381	84
671163268581498880	1694	1140
671166507850801152	891	362
671182547775299584	1150	356
671186162933985280	753	218
671347597085433856	984	441
671355857343524864	487	116
671357843010908160	407	151
671362598324076544	1131	301
671390180817915904	1449	755
671485057807351808	775	239
671486386088865792	591	212
671488513339211776	1031	483
671497587707535360	934	460
671504605491109888	7179	3653
671511350426865664	1642	748
671518598289059840	970	302
671520732782923776	1423	540
671528761649688576	853	265
671533943490011136	1041	596
671536543010570240	1203	420
671538301157904384	939	408
671542985629241344	1110	584
671544874165002240	2027	1082
671547767500775424	1377	613
671550332464455680	936	213
671561002136281088	13097	7459
671729906628341760	8677	4496
671735591348891648	1476	778
671743150407421952	754	238
671744970634719232	1373	795
671763349865160704	1716	953
671768281401958400	1219	541
671789708968640512	7201	3600
671855973984772096	924	466
671866342182637568	1147	516
671874878652489728	1272	576
671879137494245376	1448	707
671882082306625536	3536	1419
671891728106971136	1357	585
671896809300709376	8629	4290
672068090318987264	1323	530
672082170312290304	960	377
672095186491711488	1016	377
672125275208069120	2457	1178
672139350159835136	1782	740
672160042234327040	887	369
672169685991993344	1042	382
672205392827572224	2309	1192
672222792075620352	802	217
672231046314901504	1874	1044
672239279297454080	914	330
672245253877968896	701	162
672248013293752320	1760	629
672254177670729728	1463	765
672256522047614976	2874	1607
672264251789176832	1170	349
672267570918129664	1533	634
672272411274932224	6584	3504
672466075045466112	1382	557
672475084225949696	1463	722
672481316919734272	728	128
672482722825261056	1159	626
672488522314567680	1137	451
672523490734551040	654	178
672538107540070400	1049	382
672591271085670400	744	190
672591762242805760	968	345
672594978741354496	1354	624
672604026190569472	1135	415
672609152938721280	1138	401
672614745925664768	1249	605
672622327801233408	1321	513
672640509974827008	991	333
672828477930868736	1274	507
672834301050937344	1340	589
672877615439593472	1053	381
672884426393653248	1585	856
672898206762672128	912	435
672902681409806336	1394	521
672964561327235072	1452	662
672968025906282496	1339	566
672970152493887488	970	368
672975131468300288	1724	948
672980819271634944	1851	1036
672984142909456384	1278	563
672988786805112832	1000	303
672995267319328768	976	308
672997845381865472	2007	747
673148804208660480	1734	651
673213039743795200	2300	879
673240798075449344	1449	757
673270968295534592	1086	383
673295268553605120	7687	3283
673317986296586240	885	270
673320132811366400	13771	8254
673342308415348736	1301	610
673343217010679808	994	280
673345638550134784	2584	1326
673350198937153536	758	221
673352124999274496	1688	558
673355879178194944	1525	605
673359818736984064	1481	696
673363615379013632	1046	318
673576835670777856	1415	582
673580926094458880	851	276
673583129559498752	1218	381
673612854080196608	1623	748
673636718965334016	1138	376
673656262056419328	734	253
673662677122719744	1277	374
673680198160809984	1404	484
673686845050527744	1479	455
673688752737402880	1294	516
673689733134946304	1781	676
673697980713705472	3899	2038
673700254269775872	1478	595
673705679337693184	1286	413
673707060090052608	1125	405
673708611235921920	1100	299
673709992831262720	868	284
673711475735838720	1060	308
673715861853720576	3629	2170
673716320723169280	3146	790
673887867907739648	954	262
673906403526995968	3271	1682
673919437611909120	1196	383
673956914389192704	1994	1004
674008982932058112	1232	368
674014384960745472	1603	674
674019345211760640	1161	312
674024893172875264	1827	1281
674036086168010752	864	223
674038233588723712	1125	426
674042553264685056	738	134
674045139690631168	1461	666
674051556661161984	1481	503
674053186244734976	3408	1354
674063288070742016	6532	2318
674075285688614912	1005	300
674082852460433408	774	177
674255168825880576	1508	583
674262580978937856	1338	475
674265582246694912	1681	887
674269164442398720	921	236
674271431610523648	1610	760
674291837063053312	15153	6157
674307341513269248	11631	7261
674318007229923328	1453	537
674330906434379776	577	76
674372068062928896	868	322
674394782723014656	1538	597
674410619106390016	1230	484
674416750885273600	704	146
674422304705744896	1472	557
674436901579923456	1146	412
674447403907457024	1089	372
674468880899788800	6403	2155
674606911342424064	962	103
674632714662858752	1543	602
674638615994089472	1726	606
674644256330530816	1060	281
674646392044941312	1483	524
674664755118911488	949	265
674670581682434048	1660	685
674690135443775488	1184	487
674737130913071104	664	96
674739953134403584	1146	413
674742531037511680	504	54
674743008475090944	1448	581
674752233200820224	1500	486
674754018082705408	1401	468
674764817387900928	809	249
674767892831932416	1885	832
674774481756377088	1164	496
674781762103414784	2064	1263
674788554665512960	835	218
674790488185167872	1139	264
674793399141146624	2578	1144
674800520222154752	3097	900
674805413498527744	887	370
674999807681908736	2318	1154
675003128568291328	1601	497
675006312288268288	1011	236
675015141583413248	2800	1259
675047298674663424	1094	342
675109292475830272	2888	1189
675111688094527488	995	265
675113801096802304	2013	819
675135153782571008	1343	518
675145476954566656	2208	947
675146535592706048	1239	328
675147105808306176	975	253
675149409102012416	3864	1767
675153376133427200	6490	2740
675166823650848768	3728	1694
675334060156301312	2878	1360
675349384339542016	4048	2377
675354435921575936	33893	18071
675362609739206656	1080	240
675372240448454656	1755	531
675432746517426176	1578	597
675483430902214656	1913	1020
675489971617296384	1346	625
675497103322386432	3248	1364
675501075957489664	17721	6119
675517828909424640	1353	481
675522403582218240	1079	300
675531475945709568	1220	404
675534494439489536	1880	439
675706639471788032	670	103
675707330206547968	2055	734
675710890956750848	1957	868
675740360753160192	1210	365
675781562965868544	1683	499
675798442703122432	10617	3573
675820929667219456	1090	242
675822767435051008	1581	563
675845657354215424	2370	937
675849018447167488	979	157
675853064436391936	2785	1368
675870721063669760	1702	601
675878199931371520	4335	1473
675888385639251968	2464	1015
675891555769696256	2218	922
675898130735476736	1701	604
676089483918516224	1369	452
676098748976615424	3123	1519
676101918813499392	2916	1224
676121918416756736	2226	1225
676146341966438400	1989	705
676191832485810176	2368	1083
676215927814406144	1805	620
676219687039057920	77728	32816
676237365392908288	1273	309
676263575653122048	2159	580
676430933382295552	1454	364
676440007570247680	1791	703
676470639084101632	12065	4947
676496375194980352	1581	567
676533798876651520	1955	594
676575501977128960	2696	1188
676582956622721024	1256	296
676588346097852416	2435	846
676590572941893632	949	135
676593408224403456	4755	2287
676603393314578432	1221	411
676606785097199616	1960	465
676613908052996096	1138	207
676617503762681856	3016	1044
676776431406465024	5197	2124
676811746707918848	1472	449
676819651066732544	1872	704
676821958043033600	23998	16585
676864501615042560	2193	754
676897532954456064	2349	765
676916996760600576	3088	1912
676936541936185344	13211	5216
676942428000112640	2158	807
676946864479084544	1777	401
676948236477857792	2267	925
676949632774234112	1357	422
676957860086095872	2304	857
676975532580409344	2891	1137
677187300187611136	2849	982
677228873407442944	3694	1741
677269281705472000	2082	749
677301033169788928	1297	435
677314812125323264	1719	569
677328882937298944	3785	1587
677331501395156992	1139	252
677334615166730240	1418	314
677335745548390400	3174	1907
677530072887205888	1120	240
677547928504967168	7221	3868
677557565589463040	2545	1239
677565715327688704	1349	484
677573743309385728	2236	770
677644091929329664	1958	848
677662372920729600	2033	1040
677673981332312064	3489	1598
677687604918272000	2586	898
677698403548192768	1279	339
677700003327029248	3548	1537
677716515794329600	3185	1030
677895101218201600	5045	2246
677918531514703872	1411	436
677961670166224896	3568	1793
678021115718029312	14380	6791
678023323247357952	2012	411
678255464182861824	1655	397
678278586130948096	11994	6486
678334497360859136	1359	279
678341075375947776	1807	573
678380236862578688	2555	967
678389028614488064	1956	450
678396796259975168	1663	449
678399652199309312	82535	33940
678410210315247616	4436	1951
678424312106393600	5660	2711
678446151570427904	4188	1673
678643457146150912	2147	455
678675843183484928	3010	1584
678708137298427904	5830	2599
678740035362037760	3938	1818
678755239630127104	7480	3536
678764513869611008	1713	508
678767140346941440	3703	1464
678774928607469568	2933	985
678798276842360832	3652	1272
678800283649069056	2697	963
678969228704284672	1722	495
678991772295516160	2438	1258
679001094530465792	2962	1320
679047485189439488	2361	730
679062614270468096	17902	8792
679111216690831360	6239	2736
679132435750195200	3111	1237
679148763231985664	2908	1103
679158373988876288	22544	8690
679405845277462528	2492	1289
679462823135686656	33318	20201
679475951516934144	2201	686
679503373272485888	3309	1589
679511351870550016	3538	1366
679527802031484928	2778	775
679530280114372608	5003	2221
679722016581222400	1740	501
679729593985699840	2271	880
679736210798047232	2195	852
679777920601223168	3238	1197
679828447187857408	38097	15064
679844490799091712	2488	822
679854723806179328	3012	1322
679862121895714816	2582	668
679872969355714560	2286	713
679877062409191424	2068	691
680055455951884288	17553	7626
680070545539371008	2707	939
680085611152338944	13447	9563
680100725817409536	3755	1466
680115823365742592	2853	973
680130881361686528	2406	1018
680145970311643136	3803	1871
680161097740095488	2437	789
680176173301628928	4102	1686
680191257256136704	2256	540
680206703334408192	2986	1260
680221482581123072	1526	309
680440374763077632	1527	544
680473011644985344	2678	801
680494726643068928	1800	518
680497766108381184	4455	2054
680583894916304896	3813	1446
680609293079592960	2773	768
680798457301471232	3006	1122
680801747103793152	2490	889
680805554198020096	2279	711
680836378243002368	3636	1429
680889648562991104	1856	394
680913438424612864	2515	664
680934982542561280	2187	472
680940246314430464	3388	1134
680959110691590144	4791	2141
680970795137544192	2558	715
681193455364796416	3904	1603
681231109724700672	2519	519
681242418453299200	1575	581
681261549936340992	1531	295
681281657291280384	3390	1182
681297372102656000	3365	1028
681302363064414208	4153	1968
681320187870711808	2794	811
681339448655802368	9780	4359
681340665377193984	1729	299
681523177663676416	15074	6252
681579835668455424	3731	1402
681610798867845120	2013	509
681654059175129088	2786	996
681679526984871936	1855	482
681694085539872768	13446	4345
681891461017812992	2599	888
681981167097122816	2931	1107
682003177596559360	3314	1645
682032003584274432	6933	2158
682047327939461120	3383	1038
682059653698686976	5233	1819
682088079302213632	19279	10643
682242692827447296	3427	1272
682259524040966144	4398	1305
682303737705140224	3251	1073
682389078323662848	1761	503
682393905736888320	2361	734
682406705142087680	7998	1894
682429480204398592	3617	1250
682638830361513984	2163	647
682662431982772224	3208	1163
682697186228989952	1383	387
682750546109968384	1605	469
682788441537560576	2603	1201
682808988178739200	1868	194
682962037429899264	38933	17938
683030066213818368	2270	786
683078886620553216	2089	603
683098815881154560	2285	708
683111407806746624	3580	980
683142553609318400	3036	1113
683357973142474752	3089	1007
683391852557561856	8026	2569
683449695444799488	4110	1726
683462770029932544	2564	718
683481228088049664	2775	1067
683498322573824000	3345	1031
683515932363329536	7757	3129
683742671509258240	6855	3572
683773439333797888	3525	1459
683828599284170752	2945	1138
683834909291606016	2763	1192
683849932751646720	2762	1052
683852578183077888	2028	377
683857920510050304	4004	1200
684097758874210304	4329	1546
684122891630342144	2100	511
684147889187209216	3142	1608
684177701129875456	2124	724
684188786104872960	3667	1258
684195085588783104	2019	560
684200372118904832	2281	1108
684222868335505408	4054	1480
684225744407494656	1307	229
684241637099323392	8589	3553
684460069371654144	2084	595
684481074559381504	4074	1253
684538444857667584	2792	1028
684567543613382656	3173	1326
684588130326986752	4335	1507
684594889858887680	9414	3798
684800227459624960	2856	1071
684830982659280896	36948	23208
684880619965411328	2212	879
684902183876321280	1980	569
684914660081053696	3693	1567
684926975086034944	3688	502
684940049151070208	3388	1118
684959798585110528	7185	3364
684969860808454144	2493	409
685169283572338688	4324	1528
685198997565345792	2460	714
685268753634967552	3263	1297
685307451701334016	2177	472
685315239903100928	3527	1158
685321586178670592	2788	687
685325112850124800	9996	4284
685532292383666176	3202	1234
685547936038666240	34740	16841
685641971164143616	3093	835
685663452032069632	3424	1571
685667379192414208	2469	616
685681090388975616	2141	137
685906723014619136	7930	3127
685943807276412928	1719	646
685973236358713344	2223	564
686003207160610816	1921	678
686007916130873344	2612	450
686034024800862208	3287	1249
686035780142297088	1216	129
686050296934563840	2327	781
686286779679375360	4223	1787
686358356425093120	2318	729
686377065986265088	2343	601
686386521809772544	3434	942
686394059078897664	1841	728
686606069955735552	2001	583
686618349602762752	3885	1456
686683045143953408	2962	861
686730991906516992	4375	1285
686749460672679936	3657	1563
686760001961103360	3705	1477
686947101016735744	9074	3409
687096057537363968	2363	650
687102708889812992	2470	1064
687109925361856512	6122	2641
687124485711986688	2278	542
687127927494963200	5760	2459
687312378585812992	4592	2034
687317306314240000	21178	9818
687399393394311168	1996	676
687460506001633280	2157	585
687476254459715584	2078	572
687480748861947904	1684	261
687494652870668288	2012	615
687664829264453632	2042	549
687704180304273408	2572	898
687732144991551488	1855	700
687807801670897664	2520	754
687818504314159104	2637	1015
687826841265172480	2882	1208
687841446767013888	5762	2709
688064179421470720	1818	386
688116655151435776	2974	841
688179443353796608	2226	629
688211956440801280	2347	896
688385280030670848	9785	4778
688519176466644992	2438	788
688547210804498432	2749	756
688789766343622656	2339	714
688804835492233216	1010	209
688828561667567616	1459	398
688894073864884224	2353	742
688898160958271488	2219	844
688908934925697024	2229	827
688916208532455424	2874	933
689143371370250240	2131	552
689154315265683456	3229	1075
689255633275777024	2696	1162
689275259254616064	1217	263
689280876073582592	2103	771
689283819090870272	3466	1186
689289219123089408	2374	1001
689517482558820352	3571	1531
689557536375177216	2160	494
689599056876867584	12255	5927
689623661272240128	2353	692
689659372465688576	10919	4159
689661964914655232	3371	998
689835978131935232	2282	810
689877686181715968	3186	1267
689905486972461056	2563	743
689977555533848576	1445	477
689993469801164800	1544	488
689999384604450816	1504	400
690005060500217856	3866	1807
690015576308211712	2649	792
690021994562220032	2946	1107
690248561355657216	1772	438
690348396616552448	1585	549
690360449368465408	2781	955
690374419777196032	3436	923
690400367696297984	1974	486
690597161306841088	2072	646
690607260360429568	305	17
690649993829576704	1379	300
690690673629138944	2449	855
690728923253055488	2290	553
690735892932222976	3984	1372
690932576555528192	3466	1095
690938899477221376	4359	2136
690959652130045952	3780	1345
690989312272396288	6230	3077
691090071332753408	1798	359
691096613310316544	3120	953
691321916024623104	2711	707
691416866452082688	20366	8195
691444869282295808	2792	909
691459709405118464	4282	1235
691483041324204032	2498	606
691675652215414784	2051	544
691756958957883392	3045	1095
691793053716221952	8538	4498
691820333922455552	4164	1773
692017291282812928	3019	1020
692041934689402880	3579	1362
692142790915014656	1728	421
692158366030913536	2266	849
692187005137076224	2659	876
692417313023332352	9827	3717
692423280028966912	1556	245
692530551048294400	1943	449
692535307825213440	3368	1452
692568918515392512	4574	1647
692752401762250752	7185	3885
692828166163931136	3029	943
692894228850999296	2401	866
692901601640583168	1882	649
692905862751522816	2563	941
692919143163629568	2816	799
693095443459342336	1975	495
693109034023534592	1809	658
693155686491000832	8303	3421
693231807727280128	3016	786
693262851218264064	2351	536
693267061318012928	2516	877
693280720173801472	3543	1326
693486665285931008	1874	674
693582294167244800	1726	273
693590843962331136	5336	2114
693622659251335168	1627	397
693629975228977152	2584	856
693642232151285760	2671	445
693644216740769792	1416	135
693647888581312512	2840	635
693942351086120960	1823	395
693993230313091072	1970	433
694001791655137280	3570	1105
694183373896572928	3099	995
694206574471057408	4403	2174
694329668942569472	2113	537
694342028726001664	1658	523
694352839993344000	2146	665
694356675654983680	1586	312
694669722378485760	37594	15485
694905863685980160	2902	1001
694925794720792576	2832	977
695051054296211456	2809	841
695064344191721472	1688	641
695074328191332352	2996	1182
695095422348574720	2785	658
695314793360662528	3831	1577
695409464418041856	9092	3823
695446424020918272	4593	1940
695629776980148224	4805	2246
695767669421768704	1969	798
695794761660297216	3356	840
695816827381944320	3163	1247
696100768806522880	2040	713
696405997980676096	3391	1217
696488710901260288	2675	1107
696490539101908992	1283	156
696518437233913856	4098	1816
696713835009417216	2500	691
696744641916489728	2178	1006
696754882863349760	1549	382
696877980375769088	2567	761
696886256886657024	5092	1920
696894894812565504	2461	726
696900204696625152	3358	1096
697242256848379904	2649	711
697255105972801536	3177	1239
697259378236399616	3459	1067
697270446429966336	4926	1990
697463031882764288	3590	1475
697482927769255936	2547	722
697516214579523584	2187	1213
697575480820686848	2147	539
697596423848730624	3197	1352
697616773278015488	3332	1083
697630435728322560	1842	575
697881462549430272	3172	1273
697943111201378304	2530	738
697990423684476928	3464	1386
697995514407682048	1609	358
698178924120031232	2948	791
698195409219559424	17630	6381
698262614669991936	5004	2148
698342080612007936	2381	1013
698355670425473024	1971	484
698549713696649216	2440	661
698635131305795584	1353	364
698703483621523456	1525	406
698710712454139904	2601	729
698907974262222848	2672	664
698953797952008192	2850	969
698989035503689728	3554	1055
699036661657767936	2744	1278
699060279947165696	3978	1934
699072405256409088	3160	1269
699079609774645248	2580	704
699088579889332224	2350	674
699323444782047232	3328	924
699370870310113280	1982	469
699413908797464576	2178	663
699423671849451520	1446	353
699434518667751424	2283	543
699446877801091072	6251	2801
699691744225525760	10803	4916
699775878809702400	2064	649
699779630832685056	2922	1328
699788877217865728	2362	531
699801817392291840	3212	1029
700002074055016448	3485	1444
700029284593901568	2180	626
700062718104104960	2781	743
700143752053182464	7933	2946
700151421916807168	2358	707
700167517596164096	2789	799
700462010979500032	4355	1928
700505138482569216	2399	610
700518061187723264	2783	856
700747788515020800	24031	10028
700796979434098688	2566	1028
700847567345688576	2556	536
700864154249383936	2727	656
700890391244103680	2335	616
701214700881756160	12859	5478
701545186879471616	2798	656
701570477911896064	2971	1002
701601587219795968	2197	489
701805642395348992	3616	1819
701889187134500864	3747	1472
701952816642965504	4007	1093
701981390485725184	3622	1062
702217446468493312	5058	1432
702276748847800320	2606	816
702321140488925184	3453	1101
702332542343577600	3362	1666
702539513671897088	3026	1020
702598099714314240	10875	3499
702671118226825216	2312	601
702684942141153280	3385	1155
702899151802126336	1693	483
702932127499816960	2726	773
703041949650034688	27761	13426
703079050210877440	7771	3320
703268521220972544	2069	585
703356393781329920	2016	414
703382836347330560	3683	1220
703407252292673536	2583	744
703425003149250560	3993	1479
703611486317502464	4063	1620
703631701117943808	2728	739
703769065844768768	3464	1214
703774238772166656	1939	500
704054845121142784	3066	979
704113298707505152	1956	604
704134088924532736	1592	500
704347321748819968	1669	375
704364645503647744	8443	3808
704480331685040128	3576	1131
704491224099647488	807	88
704499785726889984	3092	1068
704761120771465216	6973	3102
704819833553219584	2768	1068
704847917308362752	5374	1638
704859558691414016	2373	582
704871453724954624	4482	1189
705066031337840640	2285	646
705102439679201280	2257	546
705223444686888960	2714	864
705239209544720384	3150	804
705428427625635840	4016	1810
705442520700944384	4679	1757
705475953783398400	3110	989
705591895322394624	3331	1231
705786532653883392	2052	561
705898680587526144	2498	597
705970349788291072	3298	953
705975130514706432	3259	789
706153300320784384	1567	414
706166467411222528	5415	1720
706169069255446528	4103	2375
706265994973601792	2867	982
706291001778950144	1788	499
706310011488698368	22516	8538
706346369204748288	3622	987
706516534877929472	3256	1107
706538006853918720	3638	1512
706593038911545344	2270	670
706644897839910912	2709	1169
706681918348251136	3493	1035
706901761596989440	2174	640
706904523814649856	15324	8377
707014260413456384	2427	641
707021089608753152	4275	1465
707038192327901184	2309	851
707059547140169728	2706	726
707297311098011648	2901	851
707315916783140864	2601	686
707377100785885184	3448	1155
707387676719185920	3680	1392
707411934438625280	2397	640
707420581654872064	2394	739
707610948723478528	17831	6856
707629649552134144	2709	940
707693576495472640	3613	1071
707738799544082432	4298	2643
707741517457260544	2621	653
707776935007539200	3444	1012
707969809498152960	2832	1035
707983188426153984	51	2
707995814724026368	3282	1202
708026248782585856	4580	2042
708109389455101952	2029	578
708119489313951744	2819	1045
708130923141795840	3555	892
708149363256774656	4490	1644
708349470027751424	2469	789
708356463048204288	3796	1428
708400866336894976	16821	10819
708469915515297792	3241	877
708479650088034304	2676	720
708711088997666816	2680	777
708738143638450176	2880	872
708810915978854400	17318	7431
708834316713893888	1781	538
708845821941387264	3124	957
708853462201716736	1885	701
709042156699303936	4988	1753
709158332880297984	2145	450
709179584944730112	2115	720
709198395643068416	2533	685
709207347839836160	13232	6237
709225125749587968	2521	609
709409458133323776	2745	740
709449600415961088	2335	627
709519240576036864	1562	256
709556954897764352	3452	1136
709566166965075968	3720	1288
709852847387627520	3676	1276
709901256215666688	706	105
709918798883774464	3131	1140
710117014656950272	5774	2124
710140971284037632	2902	954
710153181850935296	3053	955
710269109699739648	2515	1205
710272297844797440	4747	1343
710283270106132480	2240	550
710296729921429504	2486	787
710588934686908416	4771	2000
710609963652087808	5032	2507
710658690886586368	2423	604
710833117892898816	2822	576
710844581445812224	2671	736
710997087345876992	4774	1488
711008018775851008	3139	663
711306686208872448	3475	780
711363825979756544	3833	1209
711652651650457600	4059	979
711694788429553664	34427	19510
711732680602345472	9313	4394
711743778164514816	2986	1050
711968124745228288	8454	2466
711998809858043904	0	134
712065007010385920	2374	667
712085617388212224	3405	516
712092745624633344	3084	959
712097430750289920	3980	1105
712309440758808576	257	25
712438159032893440	5581	1671
712668654853337088	4359	1298
712717840512598016	12952	5339
712809025985978368	19501	7191
713175907180089344	4675	1556
713177543487135744	7547	3018
713411074226274304	4626	1378
713761197720473600	5118	1471
713900603437621248	2969	792
713909862279876608	2006	580
713919462244790272	3432	827
714141408463036416	4518	1498
714214115368108032	2377	938
714251586676113408	3428	897
714258258790387712	3152	764
714485234495041536	2836	1236
714606013974974464	3800	987
714631576617938944	3426	1070
714957620017307648	4340	1514
714962719905021952	7709	4552
714982300363173888	3937	1106
715009755312439296	4364	1321
715200624753819648	5366	2013
715220193576927232	2530	696
715342466308784128	3172	727
715360349751484416	5733	1680
715680795826982912	4536	1729
715696743237730304	4093	1371
715704790270025728	2929	605
715733265223708672	4895	1800
715758151270801408	3918	1515
715928423106027520	3344	932
716080869887381504	7034	2049
716285507865542656	2911	1158
716439118184652800	2478	227
716447146686459904	13739	6287
716730379797970944	1289	455
716791146589110272	6258	1527
716802964044845056	4478	1255
717009362452090880	3423	1039
717047459982213120	6563	2033
717421804990701568	3299	899
717428917016076288	1685	485
717537687239008256	6029	1967
717790033953034240	3026	1204
717841801130979328	2571	631
718234618122661888	4063	1069
718246886998687744	2022	534
718454725339934720	5095	1607
718460005985447936	2823	564
718540630683709440	2602	1079
718613305783398400	2556	514
718631497683582976	19774	8613
718939241951195136	5487	1877
718971898235854848	3659	1168
719332531645071360	3577	1018
719339463458033664	4625	1335
719367763014393856	2925	786
719551379208073216	5295	2052
719704490224398336	4783	1546
719991154352222208	5060	1862
720043174954147840	5134	2141
720059472081784832	4070	1202
720340705894408192	3006	1037
720389942216527872	6721	2686
720415127506415616	4322	1592
720775346191278080	2596	722
720785406564900864	3261	822
721001180231503872	2651	656
721503162398597120	4881	1996
722613351520608256	5199	1744
722974582966214656	4308	1675
723179728551723008	5545	2002
723673163800948736	3167	950
723688335806480384	8080	3183
723912936180330496	4080	1307
724004602748780544	4383	1681
724046343203856384	2787	595
724049859469295616	4524	1888
724405726123311104	5554	1758
724771698126512128	2484	687
724983749226668032	3887	1389
725458796924002304	1476	663
725729321944506368	5434	1897
725786712245440512	4364	1450
725842289046749184	7394	2829
726224900189511680	4625	1228
726828223124897792	3726	1076
726887082820554752	4021	1606
726935089318363136	7222	2618
727155742655025152	3812	1410
727175381690781696	4058	1468
727286334147182592	3192	871
727314416056803328	3486	802
727524757080539136	4686	1302
727644517743104000	6186	1865
727685679342333952	3078	683
728015554473250816	4297	1165
728035342121635840	4769	1782
728046963732717568	4521	1255
728387165835677696	3847	1023
728409960103686144	5153	2143
728653952833728512	3475	1109
728751179681943552	2913	725
728760639972315136	4901	1821
728986383096946688	3322	879
729113531270991872	1979	350
729463711119904768	6093	2466
729823566028484608	4183	1323
729838605770891264	1793	410
729854734790754304	4236	1204
730196704625098752	5125	2049
730211855403241472	4012	1130
730427201120833536	3634	1112
730573383004487680	5162	2304
730924654643314688	6436	2114
731156023742988288	4026	1359
731285275100512256	3664	1051
732005617171337216	15680	5838
732375214819057664	8494	2699
732585889486888960	3866	822
732726085725589504	3708	947
732732193018155008	2565	575
733109485275860992	51643	17979
733460102733135872	4424	1367
733482008106668032	3301	1015
733822306246479872	3853	1078
733828123016450048	3781	831
734559631394082816	1572	423
734776360183431168	2637	583
734787690684657664	13192	6743
734912297295085568	2873	550
735137028879360000	3289	1038
735256018284875776	3508	950
735274964362878976	13655	5436
735635087207878656	6490	2517
735648611367784448	4212	1176
735991953473572864	3780	1229
736010884653420544	8304	3188
736225175608430592	8543	2966
736365877722001408	4193	1343
736392552031657984	18664	7942
736736130620620800	4537	1861
737310737551491072	15436	7938
737322739594330112	3795	870
737445876994609152	10814	4782
737678689543020544	5303	1431
737800304142471168	10501	3711
737826014890496000	5546	1886
738156290900254720	2663	700
738166403467907072	9256	3649
738184450748633088	4528	1296
738402415918125056	3428	906
738537504001953792	5359	1671
738883359779196928	3513	870
738885046782832640	3964	1223
738891149612572672	113	6
739238157791694848	121843	62258
739485634323156992	7571	3157
739544079319588864	41737	22939
739606147276148736	5665	1776
739623569819336704	4006	1454
739844404073074688	3989	915
739932936087216128	4267	1155
739979191639244800	21011	6347
740214038584557568	7036	2108
740359016048689152	3470	916
740365076218183680	2609	469
740373189193256960	36561	14266
740676976021798912	19102	7292
740699697422163968	2980	841
740711788199743488	3588	1002
740995100998766592	6730	2969
741067306818797568	9946	3313
741099773336379392	10577	5949
741303864243200000	9235	3475
741438259667034112	3870	896
741743634094141440	8611	2967
741793263812808704	4801	1617
742150209887731712	5406	1672
742161199639494656	4570	1472
742385895052087296	7157	2138
742423170473463808	10355	4075
742465774154047488	7653	4170
742528092657332224	4671	2137
742534281772302336	7418	3817
743210557239623680	4035	1463
743222593470234624	6530	2045
743253157753532416	4464	1307
743510151680958464	8328	3964
743545585370791936	3714	1002
743595368194129920	19467	7054
743609206067040256	4720	1480
743835915802583040	0	2244
743895849529389056	3834	1027
743980027717509120	4378	1168
744223424764059648	1788	401
744234799360020480	164825	84023
744334592493166592	7137	2296
744709971296780288	5896	1674
744971049620602880	8312	2897
744995568523612160	3134	671
745057283344719872	7630	2447
745074613265149952	8262	3796
745314880350101504	7559	2981
745422732645535744	9045	2613
745433870967832576	7484	2729
745712589599014912	7377	2497
745789745784041472	4249	1147
746056683365994496	3746	875
746131877086527488	7284	2368
746369468511756288	6506	1769
746507379341139968	4882	1163
746521445350707200	0	1058
746542875601690624	5317	2008
746726898085036032	6372	1927
746757706116112384	10097	4197
746790600704425984	5148	1712
746818907684614144	5589	1856
746872823977771008	6327	2313
746906459439529984	3047	318
747103485104099328	10106	4302
747204161125646336	3572	992
747219827526344704	5570	1705
747242308580548608	0	3102
747439450712596480	5728	2074
747461612269887488	4081	1112
747512671126323200	5861	1709
747594051852075008	3902	1134
747600769478692864	2451	591
747648653817413632	13615	6302
747651430853525504	1457	170
747816857231626240	5121	1253
747844099428986880	2961	810
747885874273214464	3120	1063
747933425676525568	6998	2755
747963614829678592	6110	2313
748220828303695872	14937	8396
748307329658011648	3877	772
748324050481647616	3911	826
748337862848962560	8136	4451
748346686624440320	5520	1338
748568946752774144	2302	726
748575535303884800	6408	2153
748692773788876800	4481	1435
748699167502000128	5007	1725
748705597323898880	2926	1023
748932637671223296	6183	2444
748977405889503232	11329	3669
749036806121881600	3281	843
749064354620928000	5068	1629
749075273010798592	6093	2234
749317047558017024	5803	2394
749395845976588288	9108	3745
749403093750648832	2783	590
749417653287129088	6450	1803
749774190421639168	4919	1418
749981277374128128	5413	2645
749996283729883136	3212	875
750011400160841728	3435	984
750026558547456000	2874	854
750041628174217216	3361	670
750056684286914560	3321	970
750071704093859840	8332	3612
750086836815486976	2303	591
750101899009982464	3219	911
750117059602808832	4588	1406
750132105863102464	3851	1375
750147208377409536	3280	1045
750381685133418496	732	32
750383411068534784	4820	1227
750429297815552000	13955	4656
750506206503038976	4707	1244
750719632563142656	13994	5458
750868782890057728	5059	1501
751132876104687616	5386	1411
751205363882532864	6684	1979
751251247299190784	13237	6349
751456908746354688	3394	1080
751538714308972544	5338	1374
751583847268179968	4671	1207
751598357617971200	8376	3294
751793661361422336	6213	3154
751830394383790080	6147	2121
751937170840121344	5526	1457
751950017322246144	3261	1009
752173152931807232	6309	1999
752309394570878976	0	18071
752334515931054080	4045	1191
752519690950500352	7827	3729
752568224206688256	5865	2472
752660715232722944	4670	1711
752682090207055872	6349	1741
752701944171524096	0	3129
752917284578922496	7311	1707
752932432744185856	13384	7393
753026973505581056	4127	1055
753039830821511168	39360	22696
753294487569522688	3607	1127
753298634498793472	0	6252
753375668877008896	8096	2524
753398408988139520	6144	2080
753420520834629632	8403	3867
753655901052166144	6208	2359
754120377874386944	8312	2536
754449512966619136	3975	797
754482103782404096	5641	2115
754747087846248448	2737	568
754856583969079296	7298	2738
754874841593970688	0	8690
755110668769038336	22536	12012
755206590534418432	17477	5834
755955933503782912	7793	3135
756275833623502848	6834	1652
756288534030475264	45403	18960
756303284449767424	4197	1176
756526248105566208	11048	3921
756651752796094464	5379	1426
756939218950160384	7065	2179
756998049151549440	6654	2154
757354760399941632	4793	1546
757393109802180608	6194	1896
757400162377592832	16095	7413
757596066325864448	4617	1146
757597904299253760	0	316
757611664640446464	4846	1213
757725642876129280	4825	1320
757729163776290816	0	8792
757741869644341248	7314	3535
758041019896193024	2875	406
758099635764359168	20400	10927
758355060040593408	3656	1179
758405701903519744	5526	2091
758467244762497024	5103	2420
758474966123810816	4062	1077
758740312047005696	6081	1742
758828659922702336	11874	4162
758854675097526272	3771	969
759047813560868864	6928	2189
759099523532779520	15458	4531
759159934323924992	0	1264
759197388317847552	6445	2114
759446261539934208	1775	528
759447681597108224	9015	2658
759557299618865152	5006	1272
759566828574212096	0	22939
759793422261743616	6333	2065
759846353224826880	7150	2150
759923798737051648	15612	6166
759943073749200896	6309	2272
760153949710192640	0	34
760190180481531904	6066	1964
760252756032651264	4189	938
760290219849637888	28508	12475
760521673607086080	4496	1519
760539183865880576	8056	3943
760641137271070720	5269	1405
760656994973933568	7030	2096
760893934457552896	4065	1058
761004547850530816	12033	3772
761227390836215808	5655	1692
761292947749015552	4744	1192
761334018830917632	5540	1575
761371037149827072	0	19510
761599872357261312	4391	1276
761672994376806400	52718	31561
761745352076779520	4527	936
761750502866649088	0	4284
761976711479193600	5749	2196
762035686371364864	34064	16965
762316489655476224	5124	1226
762464539388485632	10989	4575
762471784394268672	12009	7045
762699858130116608	12963	3941
763103485927849984	7832	2481
763167063695355904	0	3283
763183847194451968	5754	1605
763837565564780544	13431	4542
763956972077010944	788	59
764259802650378240	6444	1651
764857477905154048	6847	1925
765222098633691136	12377	3684
765371061932261376	7559	2350
765395769549590528	28117	3691
765669560888528896	5537	1325
765719909049503744	7722	2341
766008592277377024	3985	537
766069199026450432	4562	940
766078092750233600	0	2829
766313316352462848	7228	2048
766423258543644672	6416	1741
766693177336135680	4302	862
766714921925144576	2776	422
766793450729734144	5410	1479
766864461642756096	0	6166
767122157629476864	10801	3107
767191397493538816	13088	4150
767500508068192256	7979	2542
767754930266464256	17097	5869
767884188863397888	5072	1533
768193404517830656	11631	3862
768473857036525568	14542	3730
768554158521745408	0	6347
768596291618299904	5352	1388
768609597686943744	4390	1324
768855141948723200	4470	968
768909767477751808	0	2946
768970937022709760	15363	7133
769212283578875904	5750	1869
769335591808995328	0	8377
769695466921623552	6814	1806
769940425801170944	33555	10541
770069151037685760	8089	2512
770093767776997376	0	3313
770293558247038976	6660	1626
770414278348247040	6712	2249
770655142660169728	7813	1897
770772759874076672	5545	1540
770787852854652928	5292	1331
771004394259247104	0	240
771014301343748096	7333	1805
771102124360998912	6650	1563
771136648247640064	9806	3197
771171053431250944	0	8254
771380798096281600	11233	5566
771500966810099712	8833	2863
771770456517009408	12806	3714
771908950375665664	7018	2069
772102971039580160	4279	1011
772114945936949248	2894	516
772117678702071808	4007	802
772152991789019136	4037	1223
772193107915964416	6412	1509
772581559778025472	6911	1845
772615324260794368	0	3684
772826264096874496	8521	2541
772877495989305344	9154	4227
773191612633579520	10664	4492
773247561583001600	10061	3504
773308824254029824	24807	8167
773336787167145984	0	5566
773547596996571136	23566	6734
773670353721753600	5684	1418
773704687002451968	7057	1787
773922284943896576	6831	1891
773985732834758656	11479	4242
774314403806253056	23254	6111
774639387460112384	7183	1904
774757898236878848	9134	1935
775085132600442880	16617	5168
775350846108426240	10861	4277
775364825476165632	7948	3255
775729183532220416	13808	4996
775733305207554048	14805	4388
775842724423557120	12532	2931
775898661951791104	0	17979
776088319444877312	1962	166
776113305656188928	12567	4765
776201521193218048	10262	2763
776218204058357760	32096	17491
776249906839351296	0	10028
776477788987613184	9465	3070
776813020089548800	5221	1325
776819012571455488	0	15064
777189768882946048	15317	4746
777621514455814144	9389	2731
777641927919427584	0	4656
777684233540206592	12017	3232
777885040357281792	6807	1801
777953400541634560	0	3862
778027034220126208	7015	1777
778039087836069888	9078	2888
778286810187399168	11123	3626
778383385161035776	6243	1208
778396591732486144	0	13426
778408200802557952	14615	4768
778624900596654080	4983	1112
778650543019483136	6186	1635
778748913645780992	7392	1463
778764940568104960	918	403
778774459159379968	0	10927
778990705243029504	21465	7976
779056095788752896	15846	4958
779123168116150272	12645	3989
779124354206535680	0	20201
779377524342161408	9441	3412
779834332596887552	20356	7779
780074436359819264	13121	5482
780092040432480256	0	2524
780192070812196864	9323	2454
780459368902959104	5665	1175
780476555013349376	0	128
780496263422808064	0	4075
780543529827336192	6755	1905
780601303617732608	12943	3652
780800785462489088	5910	1427
780858289093574656	7711	2192
780931614150983680	23192	8061
781163403222056960	10461	2998
781251288990355456	9041	2307
781308096455073792	7641	2791
781524693396357120	22255	6088
781655249211752448	4293	1234
781661882474196992	11200	2976
781955203444699136	11914	3692
782021823840026624	0	6856
782305867769217024	17878	6125
782598640137187328	8335	2058
782722598790725632	18517	5929
782747134529531904	8010	1534
782969140009107456	25860	8081
783085703974514688	8733	2442
783334639985389568	31371	12902
783347506784731136	0	6157
783391753726550016	18099	6061
783466772167098368	9065	2478
783695101801398272	11209	3544
783821107061198848	7903	2157
783839966405230592	32243	11892
784057939640352768	32083	12262
784183165795655680	21594	8869
784431430411685888	6113	1410
784517518371221504	9633	2787
784826020293709824	10880	3554
785170936622350336	12994	5349
785264754247995392	7798	1799
785515384317313024	6545	1383
785533386513321984	9787	2210
785639753186217984	8389	2442
785872687017132032	7172	2011
785927819176054784	12201	3478
786036967502913536	0	7779
786051337297522688	1549	169
786233965241827328	16439	5258
786286427768250368	8573	3147
786363235746385920	11718	3860
786595970293370880	10108	3408
786664955043049472	11452	2828
786709082849828864	19532	6705
786729988674449408	0	2658
786963064373534720	28561	8803
787111942498508800	0	7393
787322443945877504	8377	1920
787397959788929024	11653	3125
787717603741622272	10983	3067
787810552592695296	9327	3362
788039637453406208	6601	1457
788070120937619456	0	3772
788150585577050112	6621	1435
788178268662984704	7789	2336
788412144018661376	16778	5851
788552643979468800	0	7942
788765914992902144	29502	11359
788908386943430656	29472	13658
789137962068021248	10437	3081
789268448748703744	9804	2841
789280767834746880	0	5458
789314372632018944	9259	2541
789530877013393408	12661	3720
789599242079838208	7285	2138
789628658055020544	8084	1969
789903600034189312	11182	4553
789960241177853952	0	4575
789986466051088384	9952	2557
790227638568808448	0	3941
790277117346975744	13490	3519
790337589677002752	8416	2061
790581949425475584	22242	7928
790698755171364864	8816	2104
790723298204217344	0	2557
790946055508652032	17878	5182
790987426131050496	10649	2360
791026214425268224	0	4542
791312159183634432	9453	2807
791406955684368384	14126	4548
791672322847637504	12650	3442
791774931465953280	48584	24505
791780927877898240	0	4197
791784077045166080	0	10643
791821351946420224	0	23208
792050063153438720	7732	1985
792394556390137856	14494	4734
792773781206999040	7907	1857
792883833364439040	12186	4720
792913359805018112	15432	4435
793120401413079040	13661	4323
793135492858580992	6966	2759
793150605191548928	6637	1883
793165685325201408	10123	3074
793180763617361920	7450	2196
793195938047070208	16427	6210
793210959003287552	9621	3108
793226087023144960	10594	3159
793241302385262592	11319	3618
793256262322548736	21515	9203
793271401113350144	9311	2617
793286476301799424	26491	10168
793500921481273344	11516	2627
793601777308463104	8578	1809
793614319594401792	0	3442
793845145112371200	9903	2071
793962221541933056	18118	5404
794205286408003584	9892	3654
794332329137291264	10304	2921
794355576146903040	0	11359
794926597468000256	11074	2553
794983741416415232	0	3720
795076730285391872	17469	5996
795400264262053888	10882	3166
795464331001561088	53625	26315
796031486298386432	11626	4069
796080075804475392	9097	2566
796116448414461952	9783	2677
796125600683540480	5316	1968
796149749086875648	34827	15810
796177847564038144	0	15810
796387464403357696	11847	4600
796484825502875648	8159	1948
796563435802726400	0	8061
796759840936919040	12783	3376
796865951799083008	8263	2101
796904159865868288	0	9818
797165961484890112	248	29
797236660651966464	21513	7328
797545162159308800	15609	5366
797971864723324928	12541	3471
798209839306514432	11168	2829
798340744599797760	0	3714
798576900688019456	0	6476
798585098161549312	0	6297
798628517273620480	0	2167
798644042770751488	0	2041
798665375516884992	0	4290
798673117451325440	0	6119
798682547630837760	0	5216
798686750113755136	0	2569
798694562394996736	0	5478
798697898615730176	0	7191
798701998996647936	0	8613
798705661114773504	0	7292
798925684722855936	7996	1587
798933969379225600	14162	4947
799063482566066176	8705	2724
799297110730567680	10665	3060
799308762079035392	0	6111
799422933579902976	8652	2114
799757965289017344	9047	2391
799774291445383168	0	5168
800018252395122688	30535	14548
800141422401830912	16454	2831
800188575492947968	0	4345
800388270626521088	11998	3099
800443802682937344	0	4765
800459316964663296	10177	2389
800513324630806528	14130	3321
800751577355128832	11294	3060
800855607700029440	0	1801
800859414831898624	742	107
801115127852503040	8699	2307
801127390143516672	0	4388
801167903437357056	26352	6564
801285448605831168	6520	919
801538201127157760	8824	2269
801854953262350336	1890	259
801958328846974976	8297	1885
802185808107208704	0	294
802239329049477120	9760	2875
802265048156610560	7101	1506
802323869084381184	17469	6443
802572683846291456	9607	2759
802600418706604032	7650	1625
802624713319034880	0	3232
802952499103731712	9706	2217
803276597545603072	10770	2724
803321560782307328	0	5869
803380650405482496	8327	2050
803638050916102144	11800	4565
803692223237865472	0	8195
803773340896923648	10796	3055
804026241225523200	47959	17892
804413760345620480	0	3554
804475857670639616	6606	2218
804738756058218496	14765	4248
805207613751304192	8386	1880
805487436403003392	9420	2796
805520635690676224	6163	1820
805823200554876928	0	8869
805826884734976000	7073	2016
805932879469572096	8887	2109
805958939288408064	0	5929
806219024703037440	6895	1319
806242860592926720	0	12902
806542213899489280	10976	2611
806576416489959424	5208	2119
806620845233815552	0	6088
806629075125202944	80695	38424
807010152071229440	14003	4215
807059379405148160	0	8081
807106840509214720	127529	61246
807621403335917568	15646	4060
808001312164028416	13508	3899
808106460588765184	9362	2418
808134635716833280	0	6564
808344865868283904	45631	22873
808501579447930880	12117	2867
808733504066486272	8494	2390
808838249661788160	10846	3353
809084759137812480	14189	3859
809220051211603968	21400	6193
809448704142938112	7436	1617
809808892968534016	0	5404
809920764300447744	16626	4303
810254108431155200	15766	3697
810284430598270976	38041	12574
810657578271330304	11767	2915
810896069567610880	9712	1969
810984652412424192	5720	1578
811386762094317568	22424	7042
811627233043480576	13721	3448
811647686436880384	5983	819
811744202451197952	8095	1774
811985624773361664	7788	1547
812372279581671424	14699	4033
812466873996607488	8570	2118
812503143955202048	6516	1348
812709060537683968	7110	1572
812747805718642688	0	7626
812781120811126784	8123	2103
813051746834595840	22471	8067
813066809284972544	8533	2144
813081950185472000	10580	3046
813096984823349248	11276	3966
813112105746448384	11075	3033
813127251579564032	12709	3441
813130366689148928	4784	488
813142292504645632	9025	2595
813157409116065792	8315	2441
813172488309972992	10001	2104
813187593374461952	21249	4802
813202720496779264	9840	1975
813217897535406080	20031	8025
813800681631023104	8946	1931
813812741911748608	38933	15405
813910438903693312	9957	2068
813944609378369536	0	3519
814153002265309184	30823	9553
814530161257443328	9281	2035
814578408554463232	0	6381
814638523311648768	12076	2973
814986499976527872	8173	1423
815390420867969024	11088	4183
815639385530101760	8800	1810
815736392542261248	10537	2501
815745968457060352	0	4548
815966073409433600	24017	9333
815990720817401856	5351	1144
816014286006976512	0	5838
816062466425819136	0	1144
816091915477250048	9559	2365
816336735214911488	9198	2147
816450570814898176	32717	8914
816697700272001024	10487	2429
816816676327063552	10694	2234
816829038950027264	0	5182
817056546584727552	9172	1817
817120970343411712	13015	2878
817171292965273600	9331	2207
817181837579653120	0	9333
817415592588222464	6003	1059
817423860136083456	36596	16419
817502432452313088	0	3717
817536400337801216	12619	3328
817777686764523520	11445	2934
817827839487737856	55440	29789
817908911860748288	5177	866
818145370475810816	13139	2849
818259473185828864	11789	2510
818307523543449600	0	8914
818536468981415936	11661	2718
818588835076603904	0	6734
818614493328580608	10545	2835
818627210458333184	23710	8160
818646164899774464	0	22873
819004803107983360	92277	40213
819006400881917952	48216	20727
819015331746349056	0	20727
819015337530290176	0	40213
819227688460238848	24652	7334
819238181065359360	2436	443
819347104292290560	7709	1324
819588359383371776	10208	2156
819711362133872640	14368	3437
819924195358416896	13732	5305
819952236453363712	5679	1301
820013781606658048	0	1301
820078625395449856	21151	6883
820314633777061888	3560	620
820446719150292992	0	2831
820494788566847488	0	620
820690176645140480	13020	3534
820749716845686784	33655	10855
820837357901512704	0	7334
821044531881721856	13511	2507
821107785811234816	10225	2330
821149554670182400	9307	2203
821153421864615936	271	10
821407182352777216	12556	4764
821421320206483456	0	6125
821522889702862848	8556	1934
821765923262631936	8980	1819
821813639212650496	0	3652
821886076407029760	12105	2561
822163064745328640	0	5258
822244816520155136	37317	10763
822462944365645824	30353	16037
822489057087389696	19338	7014
822610361945911296	15727	3239
822647212903690240	0	7014
822859134160621568	14071	2493
822872901745569792	140939	47932
822975315408461824	18398	3758
823269594223824896	0	10763
823322678127919104	16753	4386
823333489516937216	741	28
823581115634085888	13872	2887
823699002998870016	13386	2644
823719002937630720	0	12262
823939628516474880	11326	2959
824025158776213504	5079	645
824297048279236608	16016	4220
824325613288833024	12530	11325
824663926340194304	10708	1893
824775126675836928	15922	3843
824796380199809024	0	5996
825026590719483904	6750	1399
825120256414846976	0	1399
825147591692263424	19463	4987
825535076884762624	55337	18746
825829644528148480	13549	2713
825876512159186944	11122	2038
826115272272650240	16649	3416
826204788643753984	5180	1016
826240494070030336	14096	2815
826476773533745152	19562	4570
826598365270007808	10702	2556
826598799820865536	5428	277
826615380357632000	0	4303
826848821049180160	38720	11133
826958653328592896	22890	5448
827199976799354880	11224	2443
827324948884643840	16840	3337
827600520311402496	7857	1032
827653905312006144	16368	3272
827933404142436352	21367	5688
828011680017821696	10996	2338
828046555563323392	12467	3113
828361771580813312	2325	184
828372645993398272	13280	3198
828376505180889088	7825	1154
828381636999917568	13390	2417
828408677031882752	8112	1396
828409743546925056	6667	1251
828650029636317184	10069	1465
828708714936930304	38823	12211
828770345708580864	27098	6382
828801551087042560	0	3697
829011960981237760	56152	17630
829141528400556032	25975	8056
829374341691346944	36668	10127
829449946868879360	11085	2205
829501995190984704	33629	11537
829861396166877184	12943	2127
829878982036299776	0	5448
830097400375152640	10397	3263
830173239259324416	0	6193
830583320585068544	70821	18273
830956169170665472	8440	1620
831262627380748288	12599	2227
831309418084069376	12409	2643
831315979191906304	6899	1210
831322785565769728	9723	1657
831552930092285952	9522	2485
831650051525054464	7593	2105
831670449226514432	11048	1965
831911600680497152	29241	7063
831926988323639296	361	35
831939777352105984	25377	6650
832032802820481024	18838	5036
832040443403784192	0	10541
832088576586297344	70	2
832215726631055360	0	10168
832215909146226688	0	6705
832273440279240704	11947	2525
832369877331693568	18135	3450
832397543355072512	12620	2408
832636094638288896	16764	3031
832645525019123712	3083	563
832682457690300416	12541	3177
832757312314028032	17771	3924
832769181346996224	0	40
832998151111966720	14041	2400
833124694597443584	21316	5240
833479644947025920	15689	2236
833722901757046784	21843	3470
833732339549220864	0	233
833826103416520704	16203	3719
833863086058651648	14148	2602
834086379323871232	13791	2398
834089966724603904	10601	2295
834167344700198912	16629	3929
834209720923721728	21742	5173
834458053273591808	10145	1810
834477809192075264	0	11537
834574053763584000	14446	2741
834786237630337024	22298	5917
834931633769889792	11431	1784
835152434251116544	23674	3255
835172783151792128	27561	6199
835246439529840640	2202	78
835264098648616960	8169	1840
835297930240217088	17305	3232
835309094223372288	0	22696
835536468978302976	0	1840
835574547218894848	18755	3907
835685285446955008	0	8803
836001077879255040	20137	4630
836260088725786624	22402	4625
836380477523124224	15503	3186
836397794269200384	0	29789
836648853927522304	0	591
836677758902222848	13278	2393
836753516572119040	20249	4975
836989968035819520	13400	2473
837110210464448512	16864	2579
837366284874571776	22235	5705
837471256429613056	13464	2468
837482249356513280	4036	476
837820167694528512	35955	8461
838083903487373312	18547	3393
838085839343206400	149	0
838150277551247360	1770	354
838201503651401728	0	10855
838476387338051584	23754	5182
838561493054533632	11474	1423
838831947270979584	0	11892
838916489579200512	0	36
838921590096166912	11736	2231
838952994649550848	20610	4265
839239871831150592	28589	7024
839290600511926272	0	154
839549326359670784	28907	8355
839990271299457024	14100	2468
840268004936019968	20226	6151
840370681858686976	17270	4883
840632337062862848	9415	1880
840696689258311680	12901	1050
840698636975636480	188	2
840728873075638272	0	17362
840761248237133824	0	1880
841077006473256960	23992	5688
841314665196081152	16581	5025
841320156043304960	20685	5815
841439858740625408	13230	3927
841680585030541312	26851	8300
841833993020538880	0	16419
842115215311396864	14668	3243
842163532590374912	25630	6206
842535590457499648	18937	3747
842765311967449088	7060	1360
842846295480000512	15915	3847
843235543001513984	22475	6463
843604394117681152	17660	2945
843856843873095680	22369	4941
843981021012017152	15803	3119
844223788422217728	14245	2345
844580511645339648	17207	3355
844704788403113984	40433	11037
844973813909606400	15780	3426
844979544864018432	14228	2754
845098359547420672	0	8167
845306882940190720	24324	5745
845397057150107648	7961	1926
845677943972139008	26172	5091
845812042753855488	30563	9312
846042936437604352	16662	3081
846139713627017216	32170	10499
846153765933735936	33026	9646
846505985330044928	14710	3289
846514051647705088	46503	12332
846874817362120704	20912	4173
847116187444137984	22291	3396
847157206088847360	20774	6215
847251039262605312	21269	4559
847606175596138496	19523	3601
847617282490613760	7289	451
847842811428974592	5697	1425
847962785489326080	24428	5408
847971574464610304	0	456
847978865427394560	0	3450
848212111729840128	16951	3255
848213670039564288	8481	790
848324959059550208	25689	4874
848690551926992896	26149	4568
849051919805034496	44043	9012
849336543269576704	11835	1993
849412302885593088	16444	3321
849668094696017920	0	5240
849776966551130112	31544	8027
850019790995546112	21170	5169
850145622816686080	16890	4040
850333567704068096	3546	352
850380195714523136	13504	2759
850753642995093504	32066	9784
851224888060895232	21356	6024
851464819735769088	25060	7442
851591660324737024	16714	3649
851861385021730816	0	23
851953902622658560	0	10127
852189679701164032	11814	1665
852226086759018496	20595	7134
852311364735569920	34091	10373
852553447878664192	16847	3689
852672615818899456	15346	2260
852912242202992640	9310	1923
852936405516943360	0	2105
853299958564483072	15947	3735
853639147608842240	35777	10591
853760880890318848	29322	6058
854010172552949760	16605	3290
854120357044912128	32736	7809
854365224396361728	19354	4881
854482394044301312	30003	7148
854732716440526848	23352	6352
855138241867124736	0	47
855245323840757760	0	6206
855459453768019968	30538	8513
855818117272018944	27118	5621
855851453814013952	46278	18319
855857698524602368	12073	2186
855860136149123072	5132	1065
855862651834028032	352	28
856282028240666624	28214	6529
856288084350160896	527	17
856330835276025856	0	702
856526610513747968	12043	1941
856543823941562368	16534	2971
856602993587888128	0	11037
857029823797047296	19248	4128
857062103051644928	0	177
857214891891077120	232	18
857263160327368704	20315	4655
857393404942143488	6001	1690
857746408056729600	34773	10944
857989990357356544	16342	2652
858107933456039936	15933	2998
858471635011153920	21778	4975
858843525470990336	15733	3564
858860390427611136	0	8355
859074603037188096	34302	13944
859196978902773760	90924	30960
859607811541651456	18802	1612
859851578198683648	15571	3591
859924526012018688	19757	4188
860177593139703808	0	31561
860184849394610176	16864	5961
860276583193509888	18487	3552
860524505164394496	23854	5390
860563773140209664	7579	2202
860924035999428608	0	840
860981674716409856	0	2202
861005113778896896	16857	3878
861288531465048064	17334	4238
861383897657036800	36376	10903
862096992088072192	75079	23723
862457590147678208	20706	5043
862722525377298432	17185	3585
862831371563274240	19295	5171
863062471531167744	8579	2492
863079547188785152	8821	1118
863427515083354112	2280	99
863432100342583296	23959	5344
863471782782697472	0	2492
863553081350529024	15382	4239
863907417377173504	20725	4206
864197398364647424	30300	9067
864279568663928832	14685	3079
864873206498414592	32406	8818
865006731092295680	28094	7777
865359393868664832	26558	5059
865718153858494464	25680	5678
866094527597207552	0	8461
866334964761202688	52672	14604
866450705531457536	122396	35604
866686824827068416	19347	3518
866720684873056256	20083	4858
867051520902168576	32234	7929
867072653475098624	0	121
867421006826221568	16105	2526
867774946302451712	33962	7382
867900495410671616	24158	4202
868552278524837888	10115	2106
868622495443632128	26764	5404
868639477480148992	0	2106
868880397819494400	65428	14544
869227993411051520	20356	3798
869596645499047936	15914	3139
869702957897576448	28113	6362
869772420881756160	42197	10047
870063196459192320	36463	8354
870308999962521600	21712	4155
870374049280663552	82214	26211
870656317836468224	12336	2644
870726314365509632	119	3
870804317367881728	33371	6198
871032628920680448	22494	3811
871102520638267392	20761	5489
871166179821445120	0	5688
871515927908634624	20044	3443
871762521631449088	20097	3460
871879754684805120	37650	11131
872122724285648896	34118	8086
872261713294495744	33872	6289
872486979161796608	40270	8967
872620804844003328	20581	3678
872820683541237760	14564	3674
872967104147763200	27073	5372
873213775632977920	7154	1576
873337748698140672	0	1576
873580283840344064	23928	3914
874012996292530176	34205	10329
874057562936811520	22384	3922
874296783580663808	25751	4076
874434818259525632	0	14604
874680097055178752	27495	4603
875021211251597312	25161	4671
875097192612077568	27073	5988
875144289856114688	21646	4875
875747767867523072	24869	4245
876120275196170240	27557	4641
876484053909872640	18515	2370
876537666061221888	23195	4578
876838120628539392	20414	3304
877201837425926144	26765	5517
877316821321428992	27018	5113
877556246731214848	22424	3765
877611172832227328	0	80
877736472329191424	78656	18852
878057613040115712	41474	6737
878281511006478336	7647	1270
878316110768087040	0	6568
878404777348136960	0	1270
878604707211726848	29861	7109
878776093423087616	19149	4078
879008229531029504	18729	2663
879050749262655488	22250	4651
879130579576475648	0	6737
879376492567855104	16548	3076
879415818425184256	104407	43568
879492040517615616	23098	3141
879674319642796032	308	10
879862464715927552	22023	3447
880095782870896640	27265	4297
880221127280381952	26689	4158
880465832366813184	28134	6184
880872448815771648	20983	3761
880935762899988480	16777	2744
881268444196462592	22767	5093
881536004380872704	48751	15707
881633300179243008	124	7
881666595344535552	49881	10508
881906580714921984	23980	3344
882045870035918848	28941	4899
882268110199369728	44321	11428
882627270321602560	27515	5997
882762694511734784	27899	4843
882992080364220416	23625	3865
883117836046086144	36672	6573
883360690899218432	22353	3642
883482846933004288	45261	9794
883838122936631296	21586	3392
884162670584377344	20072	2942
884247878851493888	71977	20146
884441805382717440	26605	5569
884562892145688576	23956	4657
884876753390489600	27523	5560
884925521741709312	76296	17997
885167619883638784	21600	4314
885311592912609280	0	18273
885518971528720384	20127	3705
885528943205470208	35456	6330
885984800019947520	32185	6685
886054160059072512	0	105
886258384151887872	27582	6185
886267009285017600	116	4
886366144734445568	20876	3146
886680336477933568	22100	4394
886736880519319552	11876	3228
886983233522544640	34639	7643
887101392804085760	30117	5866
887343217045368832	33194	10238
887473957103951872	68062	17879
887517139158093824	45581	11481
887705289381826560	29732	5302
888078434458587136	21444	3441
888554962724278272	19539	3491
888804989199671296	25186	4222
888917238123831296	28673	4418
889278841981685760	24874	5286
889531135344209920	14886	2206
889638837579907072	26758	4473
889665388333682688	47403	9885
889880896479866880	27388	4891
890006608113172480	30222	7215
890240255349198848	31434	7264
890609185150312448	27387	4204
890729181411237888	64436	18557
890971913173991424	11661	2028
891087950875897856	19932	3060
891327558926688256	39708	9201
891689557279858688	41517	8495
891815181378084864	24660	4088
892177421306343424	32755	6176
892420643555336192	38186	8364
